Id,Name,Mobile,Email,Address,Gender,D.O.B,Added date,Added time
0,,,,,,,21:54:56,14/09/2023
1,da,akj,kjdsv,fjka,afjua,6,21:09:50,14/09/2023
2,,,,,,,14:44:30,23/09/2023
3,,,,,,,21:15:49,14/09/2023
9,anas,89898989,aaa,udumalaipettai,male,2002,21:59:40,
11,,,,,,,12:49:11,16/09/2023
12,mohamed,9895676867,gajga@gmail.com,germany,male,14,21:59:09,14/09/2023
14,rasool,1234567890,rasool@gmail.com,theni,male,1/01/2001,11:41:32,16/09/2023
15,maream,123456789,madina@gmail.com,thiruvarur,female,2/01/2000,11:42:37,
22,,,,,,,13:37:01,16/09/2023
34,,,,,,,17:21:13,16/09/2023
111,assif,6383893447,assi@gmail.com,thanjavur,male,6,21:07:52,14/09/2023
